id,tab,created_at,title,body,watch_until
3b04b5f3461540ed95e6fdf1efe36178,watch,2026-03-06 08:20,NVIDIA,AI関連の温度感を最も素直に反映しやすいためガイダンスの継続性を監視する。,2026-03-14
48cc17a202d0483bb85f2387dbf6ca62,watch,2026-03-06 08:10,SOX Index,米株のリスク許容度を見る基準としてNASDAQよりも反応が早い局面を警戒する。,2026-03-10
7101f8342f684d5885a497ee99895f23,watch,2026-03-06 08:00,US 10Y Yield,為替とグロース株の両方に効くため4.3%台の推移を継続監視する。,2026-03-08
da61b0016a664bbfb218624980b2c644,watch,2026-03-06 22:33,中東地政学リスク,"短期的（〜3月末）：停戦移行ほぼ不可能。トランプ・ネタニヤフの「レジームチェンジ」目標とイラン「徹底抗戦」で衝突継続。賭け市場（Polymarket）でも3月停戦確率42%未満。
中期的（4〜6月）：71%が6月まで継続予測。米中首脳会談（3月末〜4月初）やエネルギー危機、中国仲介で停戦圧力が高まる可能性。ただしイスラエル「体制転換」阻害ならトランプがイスラエル圧力（軍事支援制限）かけるシナリオも。
長期リスク：地上戦回避中だが、疲弊・内部崩壊でイラン暫定指導部崩壊→新体制交渉の道も。ただし「大イスラエル」志向やヒズボラ多正面化で泥沼化懸念大。和平合意は「パレスチナ国家」含め極めて遠い。
日本影響：ホルムズ封鎖でエネルギー危機、タンカー護衛要請可能性。安保3文書改定に米軍アジアシフト低下懸念も。",2026-03-31
dbd2748326d54cf1a7fbb3c26757df4e,notes,2026-03-06 23:58,2月雇用統計,"結論から言うと、この雇用統計単体は
「米景気には弱材料」→「米短期金利は低下しやすい」→「USDJPYは下がりやすい」
という方向です。
ただし今回は、中東情勢による原油高が同時進行しており、インフレ再加速懸念が残るため、株には単純な追い風になりにくいのがポイントです。BLSでは2月NFPが-9.2万人、失業率が4.4%へ上昇し、FRBの政策金利は直近FOMCで3.50%～3.75%に据え置かれています。Reutersはこの雇用統計後、米国債利回り低下・6月利下げ観測上昇を伝えています。

### NYDOW

やや下押し圧力が強いです。
理由は、Dowは景気敏感・オールドエコノミー比率が相対的に高く、雇用悪化＝景気減速懸念を受けやすいからです。しかも今回は、ReutersやAPが伝える通り、弱い雇用統計に加えて原油高と中東リスクが重なっており、単なる「利下げ期待で株高」という反応になりにくい地合いです。実際、同日の米株は売られ、APはDowが800ポイント超下落したと報じています。

### S&P500

短期は弱含み、中期は業種次第です。
S&P500全体では、雇用悪化はEPS見通しに逆風ですが、金利低下はバリュエーションの支えになります。したがって、指数全体では「悪材料と好材料が拮抗」しやすいです。ただ今回はReutersが指摘するように、弱い雇用と同時に油価上昇がインフレ懸念を再燃させており、S&P500には「景気鈍化」と「コスト上昇」の二重圧力がかかりやすいです。結果として、ディフェンシブや金利低下恩恵セクターは相対的に耐えやすい一方、景気敏感株は重くなりやすいです。

### NASDAQ

相対的には最も耐えやすいが、今回は上値が重いです。
通常、NASDAQは長期金利低下の恩恵を受けやすく、雇用統計の弱さが「FRBが早めに緩和へ向かう」という見方につながるならプラスです。実際、Reutersは雇用統計後に米国債利回りが低下したと伝えています。
ただし今回は、ReutersやAPが示す通り、原油高・地政学・スタグフレーション懸念が同時に走っているため、グロース株にもリスクオフの売りが入りやすいです。なので、Dowよりは相対的にましでも、NASDAQが素直に上がる環境ではないという見方が自然です。 ([Reuters][2])

### USDJPY

基本方向は下落圧力（ドル安・円高寄り）です。
ロジックは明快で、弱い雇用統計は米利下げ期待を高め、米2年金利を押し下げやすいため、ドルの金利優位を弱めます。Reutersもこの雇用統計後にドルは大きくは崩れていないが、米国債利回りは低下し、6月利下げ観測が高まったと報じています。USDJPYは特に米短期金利差の影響を受けやすいので、雇用統計だけ見れば下向きです。
ただし、地政学リスク局面ではドルも安全資産として買われることがあるため、ドル安が一方向に進みにくい点には注意が必要です。つまり、対円では「米金利低下による下押し」と「有事のドル需要」が綱引きになります。 ([Reuters][2])

### 金利政策（FRB）

3月FOMCは据え置き公算が高いが、6月利下げ観測は強まりやすいです。
FRBの次回会合は3月17-18日で、現在の政策金利レンジは3.50%～3.75%です。1月FOMC声明でも、委員会は追加調整の時期と程度を、今後のデータと見通し、リスクのバランスを慎重に判断する姿勢を示しています。今回の雇用統計はその「雇用側のリスク」を確実に重くします。Reutersも、3月は据え置き見通しだが、6月利下げ期待は上昇と伝えています。 ([連邦準備制度理事会][3])

ただし、今回の最大の難しさは、雇用は弱いのに、原油高でインフレ上振れリスクも同時に高まっていることです。Reutersはこれをスタグフレーション懸念として扱っています。したがってFRBにとっては、
「雇用悪化だけなら利下げしやすい」
一方で、
「エネルギー主導のインフレが長引くなら急いで利下げしにくい」
という状態です。つまり、政策方向は“即緩和”ではなく、“3月据え置き、6月以降はデータ次第で緩和再開”が現時点の主シナリオです。 ([Reuters][4])

### 実務的な見方

一言でまとめると、

* NYDOW: 景気減速懸念で弱い
* S&P500: 中立～やや弱気
* NASDAQ: 金利面では支えがあるが、今回は上値重い
* USDJPY: 雇用統計だけなら下落圧力
* FRB: 3月据え置き、6月利下げ期待は上昇",2026-03-31
